,time_code,emotion_values.disgust,emotion_values.joy,emotion_values.grief,emotion_values.outofbreath,emotion_values.pain,emotion_values.amazement,emotion_values.anger,emotion_values.cheekiness,emotion_values.sadness,emotion_values.fear
0,0.03331249952316284,0.0,0.02379225380718708,0.0,0.0,0.0,0.0,0.012514078058302402,0.0,0.0,0.014590310864150524
1,0.06662499904632568,0.0,0.02490255981683731,0.0,0.0,0.0,0.0,0.013098067604005337,0.0,0.0,0.015271192416548729
2,0.1666249930858612,0.0,0.02671605721116066,0.0,0.0,0.0,0.0,0.014051917940378189,0.0,0.0,0.016383299604058266
3,0.20000000298023224,0.0,0.028952706605196,0.0,0.0,0.0,0.0,0.015228334814310074,0.0,0.0,0.017754895612597466
4,0.23331250250339508,0.0,0.031421080231666565,0.0,0.0,0.0,0.0,0.016526632010936737,0.0,0.0,0.019268594682216644
5,0.26662498712539673,0.0,0.03399147838354111,0.0,0.0,0.0,0.0,0.017878592014312744,0.0,0.0,0.02084486186504364
6,0.30000001192092896,0.0,0.03657712787389755,0.0,0.0,0.0,0.0,0.01923857443034649,0.0,0.0,0.022430479526519775
7,0.3333125114440918,0.0,0.03912102431058884,0.0,0.0,0.0,0.0,0.02057659439742565,0.0,0.0,0.02399049513041973
8,0.36662501096725464,0.0,0.04158676788210869,0.0,0.0,0.0,0.0,0.021873507648706436,0.0,0.0,0.025502583011984825
9,0.4000000059604645,0.0,0.04395213723182678,0.0,0.0,0.0,0.0,0.02311762422323227,0.0,0.0,0.026953114196658134
10,0.4333125054836273,0.0,0.046204615384340286,0.0,0.0,0.0,0.0,0.024302368983626366,0.0,0.0,0.028334422037005424
11,0.46662500500679016,0.0,0.051830846816301346,0.0,0.0,0.0,0.0,0.02559122070670128,0.0,0.0,0.028705377131700516
12,0.499937504529953,0.0,0.059548743069171906,0.0,0.0,0.0,0.0,0.026922311633825302,0.0,0.0,0.028408821672201157
13,0.5333124995231628,0.0,0.06847883015871048,0.0,0.0,0.0,0.0,0.028254380449652672,0.0,0.0,0.02768208645284176
14,0.5666249990463257,0.0,0.07802228629589081,0.0,0.0,0.0,0.0,0.02956044115126133,0.0,0.0,0.0266888365149498
15,0.6000000238418579,0.0,0.08777560293674469,0.0,0.0,0.0,0.0,0.030823394656181335,0.0,0.0,0.025541329756379128
16,0.6333125233650208,0.0,0.0974709689617157,0.0,0.0,0.0,0.0,0.03203292563557625,0.0,0.0,0.024315988644957542
17,0.6666250228881836,0.0,0.1069345623254776,0.0,0.0,0.0,0.0,0.03318335860967636,0.0,0.0,0.023064304143190384
18,0.699999988079071,0.0,0.11605745553970337,0.0,0.0,0.0,0.0,0.034272171556949615,0.0,0.0,0.021820444613695145
19,0.7333124876022339,0.0,0.12477530539035797,0.0,0.0,0.0,0.0,0.03529895469546318,0.0,0.0,0.020606571808457375
20,0.7666249871253967,0.0,0.13305416703224182,0.0,0.0,0.0,0.0,0.03626467287540436,0.0,0.0,0.01943656988441944
21,0.800000011920929,0.0,0.14088064432144165,0.0,0.0,0.0,0.0,0.03717118129134178,0.0,0.0,0.018318630754947662
22,0.8333125114440918,5.0088328862329945e-05,0.14909999072551727,0.0,0.0,0.0,0.0,0.03706857189536095,0.0,0.0,0.01722186990082264
23,0.8666250109672546,0.00013189927267376333,0.1574116349220276,0.0,0.0,0.0,0.0,0.03630872070789337,0.0,0.0,0.016160883009433746
24,0.8999375104904175,0.00023279942979570478,0.16561733186244965,0.0,0.0,0.0,0.0,0.03513466939330101,0.0,0.0,0.015144485980272293
25,0.9333124756813049,0.00034415320260450244,0.17358970642089844,0.0,0.0,0.0,0.0,0.03371348977088928,0.0,0.0,0.014177550561726093
26,0.9666249752044678,0.0004601096152327955,0.1812502145767212,0.0,0.0,0.0,0.0,0.03215927258133888,0.0,0.0,0.013262268155813217
27,1.0,0.0005767539842054248,0.18855372071266174,0.0,0.0,0.0,0.0,0.030549226328730583,0.0,0.0,0.012399038299918175
28,1.0333125591278076,0.0006915148114785552,0.1954779326915741,0.0,0.0,0.0,0.0,0.0289349053055048,0.0,0.0,0.011587080545723438
29,1.0666249990463257,0.0008027500007301569,0.20201587677001953,0.0,0.0,0.0,0.0,0.027350077405571938,0.0,0.0,0.010824861004948616
30,1.100000023841858,0.0009094569250009954,0.20817066729068756,0.0,0.0,0.0,0.0,0.025816213339567184,0.0,0.0,0.010110379196703434
31,1.133312463760376,0.0010110713774338365,0.21395206451416016,0.0,0.0,0.0,0.0,0.024346327409148216,0.0,0.0,0.009441377595067024
32,1.1666250228881836,0.00110732635948807,0.21937386691570282,0.0,0.0,0.0,0.0,0.022947633638978004,0.0,0.0,0.008815468288958073
33,1.2000000476837158,0.001204760861583054,0.22444958984851837,0.0,0.0,0.0,0.0,0.021625934168696404,0.0,0.0,0.008230232633650303
34,1.2333124876022339,0.0013010173570364714,0.229197695851326,0.0,0.0,0.0,0.0,0.02038097381591797,0.0,0.0,0.007683272939175367
35,1.2666250467300415,0.0013945791870355606,0.23363682627677917,0.0,0.0,0.0,0.0,0.019211048260331154,0.0,0.0,0.007172260899096727
36,1.2999999523162842,0.0014845089754089713,0.23778529465198517,0.0,0.0,0.0,0.0,0.01811354234814644,0.0,0.0,0.006694954354315996
37,1.3333125114440918,0.001570267602801323,0.24166089296340942,0.0,0.0,0.0,0.0,0.017085302621126175,0.0,0.0,0.006249215453863144
38,1.3666249513626099,0.001651585684157908,0.2452806979417801,0.0,0.0,0.0,0.0,0.016122881323099136,0.0,0.0,0.0058330148458480835
39,1.399999976158142,0.0017283761408179998,0.24866096675395966,0.0,0.0,0.0,0.0,0.015222710557281971,0.0,0.0,0.0054444363340735435
40,1.4333125352859497,0.001800672966055572,0.2518171966075897,0.0,0.0,0.0,0.0,0.014381212182343006,0.0,0.0,0.0050816768780350685
41,1.4666249752044678,0.0018685879185795784,0.2547638714313507,0.0,0.0,0.0,0.0,0.013594876043498516,0.0,0.0,0.004743040539324284
42,1.4999375343322754,0.001932281767949462,0.25751474499702454,0.0,0.0,0.0,0.0,0.012860307469964027,0.0,0.0,0.004426937084645033
43,1.5333125591278076,0.001991943921893835,0.2600826621055603,0.0,0.0,0.0,0.0,0.012174251489341259,0.0,0.0,0.0041318777948617935
44,1.5666249990463257,0.003848356194794178,0.2616427540779114,0.0,0.0,0.0,0.0,0.011513140983879566,0.0,0.0,0.003856468014419079
45,1.600000023841858,0.006841517519205809,0.2625131607055664,0.0,0.0,0.0,0.0,0.010881551541388035,0.0,0.0,0.003599404124543071
46,1.633312463760376,0.010517491027712822,0.26291558146476746,0.0,0.0,0.0,0.0,0.0102818813174963,0.0,0.0,0.0033594677224755287
47,1.6666250228881836,0.014566048048436642,0.26300421357154846,0.0,0.0,0.0,0.0,0.009715057909488678,0.0,0.0,0.0031355200335383415
48,1.7000000476837158,0.01877705566585064,0.26288604736328125,0.0,0.0,0.0,0.0,0.00918103102594614,0.0,0.0,0.0029264972545206547
49,1.7333124876022339,0.023009978234767914,0.26263517141342163,0.0,0.0,0.0,0.0,0.008679111488163471,0.0,0.0,0.0027314056642353535
50,1.7666250467300415,0.02717256173491478,0.26230257749557495,0.0,0.0,0.0,0.0,0.008208207786083221,0.0,0.0,0.0025493174325674772
51,1.7999999523162842,0.031205935403704643,0.26192325353622437,0.0,0.0,0.0,0.0,0.007766985334455967,0.0,0.0,0.002379366662353277
52,1.8333125114440918,0.035074230283498764,0.26152098178863525,0.0,0.0,0.0,0.0,0.007353979162871838,0.0,0.0,0.002220745198428631
53,1.8666249513626099,0.03875730186700821,0.2611117660999298,0.0,0.0,0.0,0.0,0.006967667955905199,0.0,0.0,0.0020726972725242376
54,1.8999375104904175,0.04224570095539093,0.26070621609687805,0.0,0.0,0.0,0.0,0.006606523413211107,0.0,0.0,0.0019345189211890101
55,1.9333125352859497,0.04419413208961487,0.2609441578388214,0.0,0.0,0.0,0.0,0.006269523408263922,0.0,0.0,0.0018055519321933389
56,1.9666249752044678,0.0450974777340889,0.26159775257110596,0.0,0.0,0.0,0.0,0.005955038592219353,0.0,0.0,0.0016851825639605522
57,2.0,0.04529997333884239,0.26250985264778137,0.0,0.0,0.0,0.0,0.005661551840603352,0.0,0.0,0.0015728374710306525
58,2.0333125591278076,0.045040521770715714,0.2635725736618042,0.0,0.0,0.0,0.0,0.0053876545280218124,0.0,0.0,0.0014679819578304887
59,2.0666251182556152,0.0444844588637352,0.26471245288848877,0.0,0.0,0.0,0.0,0.005132033955305815,0.0,0.0,0.0013701168354600668
60,2.0999999046325684,0.0437457337975502,0.2658799886703491,0.0,0.0,0.0,0.0,0.0048934658989310265,0.0,0.0,0.00127877586055547
61,2.133312463760376,0.04290243983268738,0.26704221963882446,0.0,0.0,0.0,0.0,0.004670810420066118,0.0,0.0,0.0011935242218896747
62,2.1666250228881836,0.042007699608802795,0.26817771792411804,0.0,0.0,0.0,0.0,0.004463003948330879,0.0,0.0,0.0011139559792354703
63,2.200000047683716,0.041097238659858704,0.269273042678833,0.0,0.0,0.0,0.0,0.0042690555565059185,0.0,0.0,0.001039692317135632
64,2.2333126068115234,0.040194712579250336,0.27032023668289185,0.0,0.0,0.0,0.0,0.004088039509952068,0.0,0.0,0.0009703796240501106
65,2.266624927520752,0.03931542485952377,0.2713150084018707,0.0,0.0,0.0,0.0,0.003919093403965235,0.0,0.0,0.0009056876297108829
66,2.299999952316284,0.043849993497133255,0.2666259706020355,0.0,0.0,0.0,0.0,0.0037844551261514425,0.0,0.0,0.0008453084737993777
67,2.333312511444092,0.051830925047397614,0.25831732153892517,0.0,0.0,0.0,0.0,0.0036749241407960653,0.0,0.0,0.0007889545522630215
68,2.3666250705718994,0.061903856694698334,0.2478100210428238,0.0,0.0,0.0,0.0,0.0035839867778122425,0.0,0.0,0.000736357644200325
69,2.4000000953674316,0.07314211130142212,0.23607638478279114,0.0,0.0,0.0,0.0,0.0035070166923105717,0.0,0.0,0.0006872671074233949
70,2.43331241607666,0.08491693437099457,0.22377626597881317,0.0,0.0,0.0,0.0,0.0034407104831188917,0.0,0.0,0.0006414493545889854
71,2.4666249752044678,0.0968068391084671,0.21135202050209045,0.0,0.0,0.0,0.0,0.00338269816711545,0.0,0.0,0.0005986860487610102
72,2.4999375343322754,0.10853410512208939,0.19909515976905823,0.0,0.0,0.0,0.0,0.003331264713779092,0.0,0.0,0.0005587736377492547
73,2.5333125591278076,0.11992058902978897,0.18719279766082764,0.0,0.0,0.0,0.0,0.0032851574942469597,0.0,0.0,0.0005215220735408366
74,2.5666251182556152,0.1308566927909851,0.17576010525226593,0.0,0.0,0.0,0.0,0.003243452636525035,0.0,0.0,0.00048675393918529153
75,2.5999999046325684,0.14127981662750244,0.16486290097236633,0.0,0.0,0.0,0.0,0.003205458400771022,0.0,0.0,0.0004543036629911512
76,2.633312463760376,0.1511593461036682,0.1545334905385971,0.0,0.0,0.0,0.0,0.003170647891238332,0.0,0.0,0.0004240167618263513
77,2.6666250228881836,0.15945005416870117,0.1446942687034607,0.0,0.0,0.0,0.0,0.003084491938352585,0.0,0.0010481502395123243,0.0004166495054960251
78,2.700000047683716,0.16653691232204437,0.1353721022605896,0.0,0.0,0.0,0.0,0.0029665138572454453,0.0,0.0027601290494203568,0.0004244038136675954
79,2.7333126068115234,0.17269551753997803,0.12657417356967926,0.0,0.0,0.0,0.0,0.0028301042038947344,0.0,0.004871569573879242,0.0004418824682943523
80,2.766624927520752,0.17812451720237732,0.11829470843076706,0.0,0.0,0.0,0.0,0.0026843813247978687,0.0,0.007201762869954109,0.00046536471927538514
81,2.799999952316284,0.18296825885772705,0.11051956564188004,0.0,0.0,0.0,0.0,0.0025354884564876556,0.0,0.00962826982140541,0.0004922996740788221
82,2.833312511444092,0.18733271956443787,0.10322941094636917,0.0,0.0,0.0,0.0,0.0023875017650425434,0.0,0.012069174088537693,0.0005209518130868673
83,2.8666250705718994,0.1912968009710312,0.09640192985534668,0.0,0.0,0.0,0.0,0.002243066905066371,0.0,0.014470664784312248,0.0005501526757143438
84,2.899937391281128,0.19492000341415405,0.09001326560974121,0.0,0.0,0.0,0.0,0.002103841630741954,0.0,0.01679837517440319,0.0005791280418634415
85,2.93331241607666,0.198248028755188,0.08403907716274261,0.0,0.0,0.0,0.0,0.0019708042964339256,0.0,0.019031329080462456,0.0006073766271583736
86,2.9666249752044678,0.20131665468215942,0.07845515012741089,0.0,0.0,0.0,0.0,0.0018444705056026578,0.0,0.02115771546959877,0.0006345853325910866
87,3.0,0.20415441691875458,0.07323788851499557,0.0,0.0,0.0,0.0,0.001725042937323451,0.0,0.02317195013165474,0.0006605705711990595
88,3.0333125591278076,0.20370648801326752,0.0684695765376091,0.0,0.0,0.0,0.0,0.0016125162364915013,0.0,0.024125192314386368,0.0006643361994065344
89,3.0666251182556152,0.20112085342407227,0.06408994644880295,0.0,0.0,0.0,0.0,0.001506748259998858,0.0,0.024366185069084167,0.0006535096326842904
90,3.0999999046325684,0.1971903145313263,0.060051850974559784,0.0,0.0,0.0,0.0,0.0014075117651373148,0.0,0.024137021973729134,0.0006333661149255931
91,3.133312463760376,0.19245970249176025,0.05631764233112335,0.0,0.0,0.0,0.0,0.001314526773057878,0.0,0.02360527403652668,0.0006075383862480521
92,3.1666250228881836,0.18730098009109497,0.05285666882991791,0.0,0.0,0.0,0.0,0.0012274861801415682,0.0,0.022886471822857857,0.0005785134853795171
93,3.200000047683716,0.18196575343608856,0.049643415957689285,0.0,0.0,0.0,0.0,0.001146069960668683,0.0,0.022059837356209755,0.0005479803076013923
94,3.2333126068115234,0.1766219139099121,0.046656284481287,0.0,0.0,0.0,0.0,0.0010699565755203366,0.0,0.021179288625717163,0.0005170723889023066
95,3.266624927520752,0.17137929797172546,0.04387662187218666,0.0,0.0,0.0,0.0,0.0009988300735130906,0.0,0.020281121134757996,0.00048653772682882845
96,3.299999952316284,0.1663077175617218,0.0412881001830101,0.0,0.0,0.0,0.0,0.0009323841659352183,0.0,0.019389409571886063,0.0004568576696328819
97,3.333312511444092,0.16144926846027374,0.03887622430920601,0.0,0.0,0.0,0.0,0.0008703250787220895,0.0,0.018519751727581024,0.0004283295420464128
98,3.3666250705718994,0.15682724118232727,0.03662800416350365,0.0,0.0,0.0,0.0,0.0008123732986859977,0.0,0.017681891098618507,0.0004011245910078287
99,3.4000000953674316,0.151232048869133,0.03450442850589752,0.0,0.0,0.0,0.0,0.0007582640973851085,0.0,0.016838878393173218,0.0003753282071556896
100,3.43331241607666,0.14511296153068542,0.03250475972890854,0.0,0.0,0.0,0.0,0.0007077474729157984,0.0,0.016009356826543808,0.00035096798092126846
101,3.4666249752044678,0.13877396285533905,0.03062603436410427,0.0,0.0,0.0,0.0,0.0006605882663279772,0.0,0.015205243602395058,0.00032803326030261815
102,3.4999375343322754,0.13241806626319885,0.028863903135061264,0.0,0.0,0.0,0.0,0.0006165658123791218,0.0,0.01443380955606699,0.00030648859683424234
103,3.5333125591278076,0.12617826461791992,0.027213187888264656,0.0,0.0,0.0,0.0,0.0005754731828346848,0.0,0.013699156232178211,0.00028628300060518086
104,3.5666251182556152,0.12013911455869675,0.025668280199170113,0.0,0.0,0.0,0.0,0.0005371165461838245,0.0,0.013003225438296795,0.0002673563431017101
105,3.5999999046325684,0.11435183137655258,0.02422339655458927,0.0,0.0,0.0,0.0,0.0005013145855627954,0.0,0.012346511706709862,0.0002496437809895724
106,3.633312463760376,0.1088448315858841,0.022872760891914368,0.0,0.0,0.0,0.0,0.0004678976256400347,0.0,0.011728554964065552,0.0002330787101527676
107,3.6666250228881836,0.10363110899925232,0.021610712632536888,0.0,0.0,0.0,0.0,0.00043670725426636636,0.0,0.011148277670145035,0.0002175946137867868
108,3.700000047683716,0.09871326386928558,0.02043178118765354,0.0,0.0,0.0,0.0,0.0004075954493600875,0.0,0.010604223236441612,0.00020312645938247442
109,3.7333126068115234,0.09408707916736603,0.01933073252439499,0.0,0.0,0.0,0.0,0.00038042382220737636,0.0,0.010094716213643551,0.00018961138266604394
110,3.766624927520752,0.09141518175601959,0.02316899411380291,0.0,0.0,0.0,0.0,0.0003783700813073665,0.0,0.00955994427204132,0.0001769892987795174
111,3.799999952316284,0.09007353335618973,0.030157502740621567,0.0,0.0,0.0,0.0,0.00039276774623431265,0.0,0.00901936087757349,0.0001652030914556235
112,3.833312511444092,0.08962781727313995,0.03906440734863281,0.0,0.0,0.0,0.0,0.00041762576438486576,0.0,0.008485792204737663,0.00015419870032928884
113,3.8666250705718994,0.08977635204792023,0.04904652386903763,0.0,0.0,0.0,0.0,0.00044882064685225487,0.0,0.007967478595674038,0.00014392519369721413
114,3.899937391281128,0.09031015634536743,0.05953146517276764,0.0,0.0,0.0,0.0,0.00048353176680393517,0.0,0.007469497621059418,0.00013433466665446758
115,3.93331241607666,0.09108500182628632,0.07013522833585739,0.0,0.0,0.0,0.0,0.0005198459257371724,0.0,0.006994759198278189,0.00012538216833490878
116,3.9666249752044678,0.09200182557106018,0.08060453832149506,0.0,0.0,0.0,0.0,0.0005564811290241778,0.0,0.006544702686369419,0.00011702556366799399
117,4.0,0.09299308061599731,0.09077662229537964,0.0,0.0,0.0,0.0,0.0005925933946855366,0.0,0.006119771394878626,0.0001092253951355815
118,4.0333123207092285,0.09401313215494156,0.10055108368396759,0.0,0.0,0.0,0.0,0.0006276416825130582,0.0,0.005719753913581371,0.00010194478090852499
119,4.066625118255615,0.09503158926963806,0.10987026989459991,0.0,0.0,0.0,0.0,0.0006612939178012311,0.0,0.00534401461482048,9.514921111986041e-05
120,4.099999904632568,0.0960286483168602,0.118705615401268,0.0,0.0,0.0,0.0,0.0006933610420674086,0.0,0.004991651047021151,8.880646055331454e-05
121,4.133312702178955,0.09599509090185165,0.12760864198207855,0.0,0.0,0.0,0.0,0.0007255394011735916,0.0,0.004661607090383768,8.288639946840703e-05
122,4.166625022888184,0.09528888016939163,0.13637781143188477,0.0,0.0,0.0,0.0,0.0007571466849185526,0.0,0.004352746065706015,7.736089901300147e-05
123,4.199999809265137,0.09415730834007263,0.1448841542005539,0.0,0.0,0.0,0.0,0.0007877488387748599,0.0,0.004063902422785759,7.220368570415303e-05
124,4.233312606811523,0.09277047216892242,0.15304866433143616,0.0,0.0,0.0,0.0,0.0008170821820385754,0.0,0.0037939127068966627,6.73902322887443e-05
125,4.266624927520752,0.09124459326267242,0.16082653403282166,0.0,0.0,0.0,0.0,0.0008449999731965363,0.0,0.0035416411701589823,6.289764132816344e-05
126,4.300000190734863,0.08965840935707092,0.16819623112678528,0.0,0.0,0.0,0.0,0.0008714345749467611,0.0,0.003305991180241108,5.870452514500357e-05
127,4.333312511444092,0.08806454390287399,0.17515189945697784,0.0,0.0,0.0,0.0,0.0008963714935816824,0.0,0.0030859133694320917,5.47909367014654e-05
128,4.36662483215332,0.08649752289056778,0.18169791996479034,0.0,0.0,0.0,0.0,0.0009198311599902809,0.0,0.0028804109897464514,5.113823863212019e-05
129,4.400000095367432,0.08497940003871918,0.1878454089164734,0.0,0.0,0.0,0.0,0.0009418564732186496,0.0,0.0026885410770773888,4.7729041398270056e-05
130,4.43331241607666,0.08352357894182205,0.1936095654964447,0.0,0.0,0.0,0.0,0.0009625041857361794,0.0,0.0025094153825193644,4.454711961443536e-05
131,4.466625213623047,0.0821375772356987,0.19900798797607422,0.0,0.0,0.0,0.0,0.000981838908046484,0.0,0.0023421982768923044,4.157731746090576e-05
132,4.499937534332275,0.07964036613702774,0.20446644723415375,0.0,0.0,0.0,0.0,0.0010298002744093537,0.0,0.0021861058194190264,3.8805505027994514e-05
133,4.5333123207092285,0.0764671191573143,0.20985493063926697,0.0,0.0,0.0,0.0,0.0010955051984637976,0.0,0.0020404031965881586,3.6218476452631876e-05
134,4.566625118255615,0.07291565090417862,0.21508993208408356,0.0,0.0,0.0,0.0,0.0011714885476976633,0.0,0.001904402975924313,3.380391717655584e-05
135,4.599999904632568,0.06918811798095703,0.22011996805667877,0.0,0.0,0.0,0.0,0.0012526673963293433,0.0,0.0017774613806977868,3.155032391077839e-05
136,4.633312702178955,0.06542010605335236,0.22491545975208282,0.0,0.0,0.0,0.0,0.0013356170384213328,0.0,0.0016589768929407,2.9446971893776208e-05
137,4.666625022888184,0.06170099601149559,0.22946184873580933,0.0,0.0,0.0,0.0,0.0014180646976456046,0.0,0.0015483874594792724,2.748384213191457e-05
138,4.699999809265137,0.05808822810649872,0.23375454545021057,0.0,0.0,0.0,0.0,0.0014985352754592896,0.0,0.001445168163627386,2.5651586838648655e-05
139,4.733312606811523,0.05461718887090683,0.2377956509590149,0.0,0.0,0.0,0.0,0.001576104899868369,0.0,0.001348828081972897,2.3941482140799053e-05
140,4.766624927520752,0.05130816996097565,0.24159155786037445,0.0,0.0,0.0,0.0,0.0016502279322594404,0.0,0.001258909236639738,2.234538442280609e-05
141,4.800000190734863,0.04817118123173714,0.2451513409614563,0.0,0.0,0.0,0.0,0.0017206164775416255,0.0,0.0011749841505661607,2.0855692127952352e-05
142,4.833312511444092,0.04520932212471962,0.24848568439483643,0.0,0.0,0.0,0.0,0.0017871574964374304,0.0,0.0010966535191982985,1.9465314835542813e-05
143,4.86662483215332,0.04244018346071243,0.25160396099090576,0.0,0.0,0.0,0.0,0.001843825331889093,0.0,0.001023544231429696,1.8167625967180356e-05
144,4.899937629699707,0.0398523285984993,0.2545187175273895,0.0,0.0,0.0,0.0,0.001892909174785018,0.0,0.0009553087293170393,1.6956451872829348e-05
145,4.93331241607666,0.03743467479944229,0.25724223256111145,0.0,0.0,0.0,0.0,0.0019360566511750221,0.0,0.0008916219812817872,1.5826020899112336e-05
146,4.966625213623047,0.03517657145857811,0.25978633761405945,0.0,0.0,0.0,0.0,0.001974462764337659,0.0,0.0008321809000335634,1.4770953384868335e-05
147,5.0,0.03306787088513374,0.26216229796409607,0.0,0.0,0.0,0.0,0.002009002957493067,0.0,0.0007767024799250066,1.3786223462375347e-05
148,5.0333123207092285,0.031098948791623116,0.26438090205192566,0.0,0.0,0.0,0.0,0.00204032682813704,0.0,0.0007249224581755698,1.286714177695103e-05
149,5.066625118255615,0.029260734096169472,0.2664523422718048,0.0,0.0,0.0,0.0,0.002068922622129321,0.0,0.0006765944417566061,1.2009332749585155e-05
150,5.099999904632568,0.027544675394892693,0.26838621497154236,0.0,0.0,0.0,0.0,0.0020951642654836178,0.0,0.0006314882193692029,1.1208710020582657e-05
151,5.133312702178955,0.025942746549844742,0.2701915204524994,0.0,0.0,0.0,0.0,0.002119343029335141,0.0,0.0005893890629522502,1.0461462807143107e-05
152,5.166625022888184,0.024447424337267876,0.271876722574234,0.0,0.0,0.0,0.0,0.0021416903473436832,0.0,0.0005500964471139014,9.764031347003765e-06
153,5.199999809265137,0.023051653057336807,0.27344974875450134,0.0,0.0,0.0,0.0,0.0021623943466693163,0.0,0.0005134234088473022,9.113095984503161e-06
154,5.233312606811523,0.02176811546087265,0.2749159336090088,0.0,0.0,0.0,0.0,0.0021740959491580725,0.0,0.0004791952087543905,8.50555625220295e-06
155,5.266624927520752,0.02058357372879982,0.2762829661369324,0.0,0.0,0.0,0.0,0.0021796822547912598,0.0,0.0004472488653846085,7.938519047456793e-06
156,5.300000190734863,0.019487399607896805,0.2775578796863556,0.0,0.0,0.0,0.0,0.002181161195039749,0.0,0.0004174322821199894,7.4092845352424774e-06
157,5.333312511444092,0.01847088150680065,0.2787471115589142,0.0,0.0,0.0,0.0,0.0021799274254590273,0.0,0.00038960346137173474,6.9153325057413895e-06
158,5.36662483215332,0.017526738345623016,0.2798565924167633,0.0,0.0,0.0,0.0,0.002176945563405752,0.0,0.00036362989339977503,6.454310096160043e-06
159,5.400000095367432,0.016648760065436363,0.2808918058872223,0.0,0.0,0.0,0.0,0.0021728817373514175,0.0,0.00033938788692466915,6.02402269578306e-06
160,5.43331241607666,0.015831569209694862,0.2818577289581299,0.0,0.0,0.0,0.0,0.0021681920625269413,0.0,0.0003167620161548257,5.622421667794697e-06
161,5.466625213623047,0.01507043931633234,0.2827591001987457,0.0,0.0,0.0,0.0,0.0021631873678416014,0.0,0.0002956445387098938,5.247593435342424e-06
162,5.499937534332275,0.014361155219376087,0.2836002707481384,0.0,0.0,0.0,0.0,0.0021580769680440426,0.0,0.000275934929959476,4.8977535698213615e-06
163,5.5333123207092285,0.01369993295520544,0.2843852937221527,0.0,0.0,0.0,0.0,0.0021529996301978827,0.0,0.0002575392718426883,4.571236786432564e-06
164,5.566625118255615,0.01308333221822977,0.28511789441108704,0.0,0.0,0.0,0.0,0.0021480454597622156,0.0,0.00024036997638177127,4.266487849236e-06
165,5.599999904632568,0.018321530893445015,0.2799863815307617,0.0,0.0,0.0,0.0,0.0021018479019403458,0.0,0.00028192406171001494,3.98205520468764e-06
166,5.633312702178955,0.02728010155260563,0.27112627029418945,0.0,0.0,0.0,0.0,0.0020296284928917885,0.0,0.00036101293517276645,3.716584842550219e-06
167,5.666625022888184,0.03849014267325401,0.2600073218345642,0.0,0.0,0.0,0.0,0.0019418526208028197,0.0,0.0004630428447853774,3.468812565188273e-06
168,5.699999809265137,0.05094694346189499,0.24763497710227966,0.0,0.0,0.0,0.0,0.0018456686520949006,0.0,0.0005780202336609364,3.2375585305999266e-06
169,5.733312606811523,0.06396915763616562,0.23469120264053345,0.0,0.0,0.0,0.0,0.0017459150403738022,0.0,0.000699157128110528,3.0217213407013332e-06
170,5.766624927520752,0.07710033655166626,0.2216329723596573,0.0,0.0,0.0,0.0,0.001645824289880693,0.0,0.0008218954899348319,2.820273039105814e-06
171,5.800000190734863,0.09004008024930954,0.20876112580299377,0.0,0.0,0.0,0.0,0.001547515275888145,0.0,0.0009432254009880126,2.6322550183977e-06
172,5.833312511444092,0.10259595513343811,0.1962684839963913,0.0,0.0,0.0,0.0,0.0014523363206535578,0.0,0.0010612085461616516,2.456771426295745e-06
173,5.86662483215332,0.11464992165565491,0.18427345156669617,0.0,0.0,0.0,0.0,0.0013611060567200184,0.0,0.0011746452655643225,2.2929866645426955e-06
174,5.899937629699707,0.12613488733768463,0.17284342646598816,0.0,0.0,0.0,0.0,0.0012742801336571574,0.0,0.0012828431790694594,2.140121068805456e-06
175,5.93331241607666,0.13701841235160828,0.16201113164424896,0.0,0.0,0.0,0.0,0.001192068331874907,0.0,0.0013854543212801218,1.997446133827907e-06
176,5.966625213623047,0.14706222712993622,0.15240781009197235,0.0,0.0,0.0,0.0,0.0011145152384415269,0.0,0.0014572200598195195,1.8642830355020124e-06
177,6.0,0.156356543302536,0.14379946887493134,0.0,0.0,0.0,0.0,0.001041556941345334,0.0,0.001507398090325296,1.7399975149601232e-06
178,6.0333123207092285,0.16497530043125153,0.13601334393024445,0.0,0.0,0.0,0.0,0.0009730596211738884,0.0,0.0015424683224409819,1.6239976048382232e-06
179,6.066625118255615,0.17298033833503723,0.12892013788223267,0.0,0.0,0.0,0.0,0.0009088469087146223,0.0,0.0015669671120122075,1.5157311281654984e-06
180,6.099999904632568,0.1804242879152298,0.122421495616436,0.0,0.0,0.0,0.0,0.0008487176964990795,0.0,0.0015840688720345497,1.4146824014460435e-06
181,6.133312702178955,0.18735279142856598,0.1164412721991539,0.0,0.0,0.0,0.0,0.000792458828072995,0.0,0.0015959959710016847,1.3203703019826207e-06
182,6.166625022888184,0.19380594789981842,0.11091934889554977,0.0,0.0,0.0,0.0,0.0007398539455607533,0.0,0.001604303834028542,1.2323455393925542e-06
183,6.199999809265137,0.19981950521469116,0.10580729693174362,0.0,0.0,0.0,0.0,0.0006906883209012449,0.0,0.0016100809443742037,1.1501892913656775e-06
184,6.233312606811523,0.20542557537555695,0.1010652631521225,0.0,0.0,0.0,0.0,0.0006447529885917902,0.0,0.0016140892403200269,1.0735100204328774e-06
185,6.266624927520752,0.21065330505371094,0.0966598242521286,0.0,0.0,0.0,0.0,0.0006018468411639333,0.0,0.0016168615547940135,1.0019426781582297e-06
186,6.300000190734863,0.21552929282188416,0.09256239235401154,0.0,0.0,0.0,0.0,0.0005617779097519815,0.0,0.0016187709989026189,9.351464882456639e-07
187,6.333312511444092,0.22022272646427155,0.08835162967443466,0.0,0.0,0.0,0.0,0.0005243640043772757,0.0,0.001633638283237815,8.728034117666539e-07
188,6.36662483215332,0.22470301389694214,0.08415103703737259,0.0,0.0,0.0,0.0,0.0004894329467788339,0.0,0.0016566741978749633,8.146164987010707e-07
189,6.400000095367432,0.2289544641971588,0.08004109561443329,0.0,0.0,0.0,0.0,0.00045682265772484243,0.0,0.0016845859354361892,7.603087510688056e-07
190,6.43331241607666,0.23297134041786194,0.0760725885629654,0.0,0.0,0.0,0.0,0.00042638080776669085,0.0,0.0017151250503957272,7.096215313140419e-07
191,6.466625213623047,0.2367546409368515,0.07227584719657898,0.0,0.0,0.0,0.0,0.000397964526200667,0.0,0.0017467702273279428,6.623134254368779e-07
192,6.499937534332275,0.2403096854686737,0.06866727024316788,0.0,0.0,0.0,0.0,0.00037143996451050043,0.0,0.0017785049276426435,6.18159162968368e-07
193,6.5333123207092285,0.24364449083805084,0.06525378674268723,0.0,0.0,0.0,0.0,0.0003466817724984139,0.0,0.001809663255698979,5.769485369455651e-07
194,6.566625118255615,0.24676871299743652,0.06203603744506836,0.0,0.0,0.0,0.0,0.0003235727781429887,0.0,0.0018398220418021083,5.384853238865617e-07
195,6.599999904632568,0.2496928721666336,0.05901052802801132,0.0,0.0,0.0,0.0,0.00030200343462638557,0.0,0.001868724706582725,5.025863174523693e-07
196,6.633312702178955,0.2524278461933136,0.05617111921310425,0.0,0.0,0.0,0.0,0.0002818714128807187,0.0,0.0018962285248562694,4.69080561060764e-07
197,6.666625022888184,0.25498446822166443,0.053510088473558426,0.0,0.0,0.0,0.0,0.0002630810486152768,0.0,0.00192226842045784,4.378085236567131e-07
198,6.699999809265137,0.25740692019462585,0.050764039158821106,0.0,0.0,0.0,0.0,0.0002455430803820491,0.0,0.0019479133188724518,4.0862127548280114e-07
199,6.733312606811523,0.2596932053565979,0.048017363995313644,0.0,0.0,0.0,0.0,0.00022917405294720083,0.0,0.001972787082195282,3.8137986280162295e-07
200,6.766624927520752,0.26184484362602234,0.04532521218061447,0.0,0.0,0.0,0.0,0.000213896157220006,0.0,0.0019966596737504005,3.559545405096287e-07
201,6.800000190734863,0.2638654410839081,0.04272253066301346,0.0,0.0,0.0,0.0,0.00019963666272815317,0.0,0.0020194007083773613,3.322242321246449e-07
202,6.833312511444092,0.26576003432273865,0.04023035615682602,0.0,0.0,0.0,0.0,0.00018632772844284773,0.0,0.0020409475546330214,3.100759613516857e-07
203,6.86662483215332,0.26753443479537964,0.037860218435525894,0.0,0.0,0.0,0.0,0.0001739060098771006,0.0,0.002061283215880394,2.894042552270548e-07
204,6.899937629699707,0.2691947817802429,0.03561721369624138,0.0,0.0,0.0,0.0,0.00016231236804742366,0.0,0.0020804209634661674,2.7011063252757594e-07
205,6.93331241607666,0.27074742317199707,0.03350213170051575,0.0,0.0,0.0,0.0,0.00015149160753935575,0.0,0.0020983933936804533,2.5210323428837e-07
206,6.966625213623047,0.2721986472606659,0.03151292726397514,0.0,0.0,0.0,0.0,0.00014139221457298845,0.0,0.0021152449771761894,2.3529635484464961e-07
207,7.0,0.27355456352233887,0.02964574471116066,0.0,0.0,0.0,0.0,0.00013196608051657677,0.0,0.0021310271695256233,2.1960993024094932e-07
208,7.0333123207092285,0.2748211622238159,0.027895629405975342,0.0,0.0,0.0,0.0,0.00012316835636738688,0.0,0.002145795151591301,2.0496928243574075e-07
209,7.066625118255615,0.2760658860206604,0.026267193257808685,0.0,0.0,0.0,0.0,0.00011495715443743393,0.0,0.0021723771933466196,1.9130465034322697e-07
210,7.099999904632568,0.27727141976356506,0.02475082315504551,0.0,0.0,0.0,0.0,0.00010729335190262645,0.0,0.0022061460185796022,1.7855101930308592e-07
211,7.133312702178955,0.27842724323272705,0.023337990045547485,0.0,0.0,0.0,0.0,0.00010014046711148694,0.0,0.0022439351305365562,1.666476094897007e-07
212,7.166625022888184,0.279527485370636,0.022021064534783363,0.0,0.0,0.0,0.0,9.346444858238101e-05,0.0,0.0022835948038846254,1.555377764361765e-07
213,7.199999809265137,0.2805694341659546,0.020793132483959198,0.0,0.0,0.0,0.0,8.723349310457706e-05,0.0,0.002323683351278305,1.4516859891955392e-07
214,7.233312606811523,0.28155240416526794,0.019647905603051186,0.0,0.0,0.0,0.0,8.141792204696685e-05,0.0,0.0023632503580302,1.354906800088429e-07
215,7.266624927520752,0.2824772298336029,0.018579615280032158,0.0,0.0,0.0,0.0,7.599006494274363e-05,0.0,0.00240168534219265,1.264579765347662e-07
216,7.300000190734863,0.2833455502986908,0.017582956701517105,0.0,0.0,0.0,0.0,7.092406303854659e-05,0.0,0.00243861204944551,1.1802743671296412e-07
217,7.333312511444092,0.2841595709323883,0.01665303111076355,0.0,0.0,0.0,0.0,6.619578925892711e-05,0.0,0.0024738148786127567,1.1015894330057563e-07
218,7.36662483215332,0.2849218547344208,0.015785301104187965,0.0,0.0,0.0,0.0,6.17827390669845e-05,0.0,0.002507187193259597,1.0281501516828939e-07
219,7.400000095367432,0.2856351137161255,0.014975561760365963,0.0,0.0,0.0,0.0,5.76638885831926e-05,0.0,0.0025386963970959187,9.59606794026513e-08
220,7.43331241607666,0.2862989902496338,0.014237804338335991,0.0,0.0,0.0,0.0,5.3819629101781175e-05,0.0,0.0025611831806600094,8.956330788123523e-08
221,7.466625213623047,0.2869173288345337,0.013561831787228584,0.0,0.0,0.0,0.0,5.0231657951371744e-05,0.0,0.002577325329184532,8.35924183206771e-08
222,7.499937534332275,0.28749361634254456,0.01293974369764328,0.0,0.0,0.0,0.0,4.688288026954979e-05,0.0,0.002588999457657337,7.801958901154649e-08
223,7.5333123207092285,0.28803080320358276,0.012365301139652729,0.0,0.0,0.0,0.0,4.375735443318263e-05,0.0,0.0025975217577069998,7.281828118266276e-08
224,7.566625118255615,0.2885317802429199,0.011833478696644306,0.0,0.0,0.0,0.0,4.084020110894926e-05,0.0,0.0026038135401904583,6.796372531425732e-08
225,7.599999904632568,0.2889990508556366,0.011340136639773846,0.0,0.0,0.0,0.0,3.811752321780659e-05,0.0,0.0026085227727890015,6.343281455656324e-08
226,7.633312702178955,0.2894349694252014,0.010881800204515457,0.0,0.0,0.0,0.0,3.557635500328615e-05,0.0,0.0026121034752577543,5.920395906855447e-08
227,7.666625022888184,0.2898416519165039,0.010455502197146416,0.0,0.0,0.0,0.0,3.320459654787555e-05,0.0,0.0026148755569010973,5.5257029174526906e-08
228,7.699999809265137,0.2902211546897888,0.010058661922812462,0.0,0.0,0.0,0.0,3.099095920333639e-05,0.0,0.0026170639321208,5.1573223913692345e-08
229,7.733312606811523,0.290575236082077,0.00968900416046381,0.0,0.0,0.0,0.0,2.8924894650117494e-05,0.0,0.002618826925754547,4.8135010644045906e-08
230,7.766624927520752,0.2909056842327118,0.009344499558210373,0.0,0.0,0.0,0.0,2.69965676125139e-05,0.0,0.0026202769950032234,4.492601135552832e-08
231,7.800000190734863,0.2911810278892517,0.009107076562941074,0.0,0.0,0.0,0.0,2.5196795832016505e-05,0.0,0.0025688186287879944,7.320673466892913e-05
232,7.833312511444092,0.2914148271083832,0.00894436426460743,0.0,0.0,0.0,0.0,2.3517010049545206e-05,0.0,0.0024838228709995747,0.00019270645861979574
233,7.86662483215332,0.2916167974472046,0.008833715692162514,0.0,0.0,0.0,0.0,2.1949210349703208e-05,0.0,0.002378616016358137,0.00034009027876891196
234,7.899937629699707,0.29179397225379944,0.00875929556787014,0.0,0.0,0.0,0.0,2.0485931599978358e-05,0.0,0.002262308495119214,0.0005027440492995083
235,7.93331241607666,0.29195138812065125,0.00871003232896328,0.0,0.0,0.0,0.0,1.9120201613986865e-05,0.0,0.0021410745102912188,0.0006721210666000843
236,7.966625213623047,0.2920927405357361,0.008678192272782326,0.0,0.0,0.0,0.0,1.7845522961579263e-05,0.0,0.002019047038629651,0.000842503213789314
237,8.0,0.2922207713127136,0.00865837000310421,0.0,0.0,0.0,0.0,1.6655822037137114e-05,0.0,0.0018989413511008024,0.0010101342340931296
238,8.033312797546387,0.2923375368118286,0.008646796457469463,0.0,0.0,0.0,0.0,1.554543268866837e-05,0.0,0.001782493549399078,0.0011726152151823044
239,8.066624641418457,0.2924446165561676,0.008640844374895096,0.0,0.0,0.0,0.0,1.4509070751955733e-05,0.0,0.0016707644099369645,0.00132848194334656
240,8.100000381469727,0.2925432324409485,0.008638682775199413,0.0,0.0,0.0,0.0,1.3541798580263276e-05,0.0,0.00156435277312994,0.00147691008169204
241,8.133312225341797,0.29263433814048767,0.008639042265713215,0.0,0.0,0.0,0.0,1.2639012311410625e-05,0.0,0.001463543507270515,0.0016175097553059459
242,8.166625022888184,0.28737884759902954,0.010997949168086052,0.0,0.0,0.0,0.0,1.1796411854447797e-05,0.0,0.0024412851780653,0.001677017891779542
243,8.199999809265137,0.2787353992462158,0.014850598759949207,0.0,0.0,0.0,0.0,1.1009983609255869e-05,0.0,0.004104125779122114,0.001682356116361916
244,8.233312606811523,0.26805129647254944,0.019602105021476746,0.0,0.0,0.0,0.0,1.0275984095642343e-05,0.0,0.006181307602673769,0.0016521966317668557
245,8.26662540435791,0.2562476694583893,0.02484583482146263,0.0,0.0,0.0,0.0,9.590919034963008e-06,0.0,0.008487647399306297,0.001599448616616428
246,8.300000190734863,0.24394868314266205,0.030306275933980942,0.0,0.0,0.0,0.0,8.9515242507332e-06,0.0,0.010897578671574593,0.0015329974703490734
247,8.333312034606934,0.23157206177711487,0.035799093544483185,0.0,0.0,0.0,0.0,8.354756573680788e-06,0.0,0.013326989486813545,0.001458922866731882
248,8.36662483215332,0.21939225494861603,0.04120320826768875,0.0,0.0,0.0,0.0,7.79777292336803e-06,0.0,0.015720538794994354,0.0013813490513712168
249,8.399999618530273,0.20758460462093353,0.04644128307700157,0.0,0.0,0.0,0.0,7.277921213244554e-06,0.0,0.0180427897721529,0.0013030405389145017
250,8.43331241607666,0.19625627994537354,0.05146612226963043,0.0,0.0,0.0,0.0,6.792726253479486e-06,0.0,0.020272010937333107,0.0012258181814104319
251,8.466625213623047,0.1854676604270935,0.056251149624586105,0.0,0.0,0.0,0.0,6.339877927530324e-06,0.0,0.022395871579647064,0.0011508498573675752
252,8.499937057495117,0.1752474308013916,0.06078379973769188,0.0,0.0,0.0,0.0,5.917219368711812e-06,0.0,0.02440841868519783,0.0010788535000756383
253,8.533312797546387,0.16511270403862,0.06845102459192276,0.0,0.0,0.0,0.0,5.522737865248928e-06,0.0,0.025235112756490707,0.001072207815013826
254,8.566624641418457,0.15523654222488403,0.07801283895969391,0.0,0.0,0.0,0.0,5.154555310582509e-06,0.0,0.02527051791548729,0.0011083906283602118
255,8.600000381469727,0.14572682976722717,0.08862120658159256,0.0,0.0,0.0,0.0,4.810918653674889e-06,0.0,0.02478823997080326,0.0011718312744051218
256,8.633312225341797,0.13664671778678894,0.0997011587023735,0.0,0.0,0.0,0.0,4.490190804062877e-06,0.0,0.023977385833859444,0.0012518113944679499
257,8.666625022888184,0.12802888453006744,0.11086761206388474,0.0,0.0,0.0,0.0,4.190844720142195e-06,0.0,0.022968079894781113,0.0013409978710114956
258,8.699999809265137,0.11988543719053268,0.12186725437641144,0.0,0.0,0.0,0.0,3.911454768967815e-06,0.0,0.02184930443763733,0.0014344152295961976
259,8.733312606811523,0.11221478879451752,0.13253791630268097,0.0,0.0,0.0,0.0,3.6506910419120686e-06,0.0,0.020681384950876236,0.0015287284040823579
260,8.76662540435791,0.10500644892454147,0.14278024435043335,0.0,0.0,0.0,0.0,3.4073116239596857e-06,0.0,0.019504718482494354,0.001621740753762424
261,8.800000190734863,0.0982443168759346,0.15253785252571106,0.0,0.0,0.0,0.0,3.1801575914869318e-06,0.0,0.018345868214964867,0.001712042954750359
262,8.833312034606934,0.09190893173217773,0.16178365051746368,0.0,0.0,0.0,0.0,2.9681468731723726e-06,0.0,0.017221834510564804,0.0017987684113904834
263,8.86662483215332,0.08597908914089203,0.17051014304161072,0.0,0.0,0.0,0.0,2.770270384644391e-06,0.0,0.016143029555678368,0.0018814224749803543
264,8.899937629699707,0.08048490434885025,0.17870797216892242,0.0,0.0,0.0,0.0,2.5855858893919503e-06,0.0,0.015154431574046612,0.0018977946601808071
265,8.93331241607666,0.07538522779941559,0.18639647960662842,0.0,0.0,0.0,0.0,2.4132136786647607e-06,0.0,0.014244538731873035,0.0018705353140830994
266,8.966625213623047,0.0706452950835228,0.19359846413135529,0.0,0.0,0.0,0.0,2.2523327061207965e-06,0.0,0.013404265977442265,0.0018153152195736766
267,9.0,0.06623519957065582,0.20033852756023407,0.0,0.0,0.0,0.0,2.1021774045948405e-06,0.0,0.012626283802092075,0.0017429317813366652
268,9.033312797546387,0.06212878227233887,0.2066420018672943,0.0,0.0,0.0,0.0,1.9620322291302728e-06,0.0,0.01190455723553896,0.0016607827274128795
269,9.066624641418457,0.05830291286110878,0.21253417432308197,0.0,0.0,0.0,0.0,1.8312299516765052e-06,0.0,0.011234018951654434,0.0015738962683826685
270,9.100000381469727,0.05473684147000313,0.21803978085517883,0.0,0.0,0.0,0.0,1.7091480231101741e-06,0.0,0.010610335506498814,0.0014856526395305991
271,9.133312225341797,0.05141183361411095,0.22318272292613983,0.0,0.0,0.0,0.0,1.5952049352563336e-06,0.0,0.010029735043644905,0.0013982868986204267
272,9.166625022888184,0.048310816287994385,0.22798585891723633,0.0,0.0,0.0,0.0,1.4888578334648628e-06,0.0,0.009488897398114204,0.0013132422463968396
273,9.199999809265137,0.045418158173561096,0.23247092962265015,0.0,0.0,0.0,0.0,1.3896005839342251e-06,0.0,0.008984852582216263,0.0012314149644225836
274,9.233312606811523,0.042719487100839615,0.2366584986448288,0.0,0.0,0.0,0.0,1.2969605904800119e-06,0.0,0.00851492676883936,0.001153326127678156
275,9.26662540435791,0.04016021639108658,0.24057969450950623,0.0,0.0,0.0,0.0,1.2104965207981877e-06,0.0,0.008037609979510307,0.001123487832956016
276,9.300000190734863,0.037743207067251205,0.24424844980239868,0.0,0.0,0.0,0.0,1.1297967148493626e-06,0.0,0.00756501080468297,0.0011257699225097895
277,9.333312034606934,0.035467479377985,0.24767890572547913,0.0,0.0,0.0,0.0,1.0544769111220376e-06,0.0,0.0071049463003873825,0.0011489916360005736
278,9.36662483215332,0.03332957252860069,0.2508850395679474,0.0,0.0,0.0,0.0,9.841785413300386e-07,0.0,0.006662271451205015,0.0011854295153170824
279,9.399999618530273,0.031324464827775955,0.2538805305957794,0.0,0.0,0.0,0.0,9.185665703626e-07,0.0,0.0062398118898272514,0.0012297732755541801
280,9.43331241607666,0.029446225613355637,0.25667843222618103,0.0,0.0,0.0,0.0,8.573288141633384e-07,0.0,0.005839008837938309,0.0012783952988684177
281,9.466625213623047,0.027688434347510338,0.2592913508415222,0.0,0.0,0.0,0.0,8.0017355230666e-07,0.0,0.00546037033200264,0.0013288400368764997
282,9.499937057495117,0.026044491678476334,0.2617311179637909,0.0,0.0,0.0,0.0,7.468286753464781e-07,0.0,0.00510378647595644,0.0013794666156172752
283,9.533312797546387,0.024507811293005943,0.2640089988708496,0.0,0.0,0.0,0.0,6.970401500439039e-07,0.0,0.004768742248415947,0.0014291994739323854
284,9.566624641418457,0.02307194285094738,0.26613548398017883,0.0,0.0,0.0,0.0,6.50570768812031e-07,0.0,0.0044544716365635395,0.001477353973314166
285,9.600000381469727,0.021730653941631317,0.26812058687210083,0.0,0.0,0.0,0.0,6.071994107514911e-07,0.0,0.004160059150308371,0.0015235139289870858
286,9.633312225341797,0.020477088168263435,0.2699767053127289,0.0,0.0,0.0,0.0,5.66719450034725e-07,0.0,0.0038845082744956017,0.0015688416315242648
287,9.666625022888184,0.01930590718984604,0.27171140909194946,0.0,0.0,0.0,0.0,5.289381306283758e-07,0.0,0.003626791527494788,0.001612718915566802
288,9.699999809265137,0.01821197383105755,0.2733320891857147,0.0,0.0,0.0,0.0,4.936755999551679e-07,0.0,0.0033858807291835546,0.0016547710401937366
289,9.733312606811523,0.017190387472510338,0.2748458683490753,0.0,0.0,0.0,0.0,4.607639141340769e-07,0.0,0.0031607679557055235,0.00169478973839432
290,9.76662540435791,0.016236498951911926,0.27625951170921326,0.0,0.0,0.0,0.0,4.300463274375943e-07,0.0,0.002950479043647647,0.0017326795496046543
291,9.800000190734863,0.015345918945968151,0.27757948637008667,0.0,0.0,0.0,0.0,4.0137658174899116e-07,0.0,0.0027540805749595165,0.0017684206832200289
292,9.833312034606934,0.01451451051980257,0.27881187200546265,0.0,0.0,0.0,0.0,3.746181107544544e-07,0.0,0.002570685464888811,0.001802043174393475
293,9.86662483215332,0.013738390989601612,0.27996236085891724,0.0,0.0,0.0,0.0,3.496435851957358e-07,0.0,0.0023994536604732275,0.0018336091889068484
294,9.899937629699707,0.013013914227485657,0.281036376953125,0.0,0.0,0.0,0.0,3.2633400337545027e-07,0.0,0.0022395930718630552,0.001863200101070106
295,9.93331241607666,0.012337667867541313,0.2820388972759247,0.0,0.0,0.0,0.0,3.045784069399815e-07,0.0,0.0020903591066598892,0.0018909088103100657
296,9.966625213623047,0.011706456542015076,0.2829746603965759,0.0,0.0,0.0,0.0,2.8427317033674626e-07,0.0,0.0019510522251948714,0.0019168338039889932
297,10.0,0.011126627214252949,0.28383398056030273,0.0,0.0,0.0,0.0,2.6532163133197173e-07,0.0,0.0018210174748674035,0.0019323051674291492
298,10.033312797546387,0.0105919623747468,0.28462618589401245,0.0,0.0,0.0,0.0,2.4763352257650695e-07,0.0,0.001699640997685492,0.0019406377105042338
299,10.066624641418457,0.010097499005496502,0.2853586971759796,0.0,0.0,0.0,0.0,2.3112463054530963e-07,0.0,0.001586348982527852,0.001944139483384788
300,10.100000381469727,0.009639190509915352,0.28603753447532654,0.0,0.0,0.0,0.0,2.1571631236838584e-07,0.0,0.0014806046383455396,0.0019444151548668742
301,10.133312225341797,0.00921366736292839,0.28666776418685913,0.0,0.0,0.0,0.0,2.0133522582455043e-07,0.0,0.0013819060986861587,0.0019425774225965142
302,10.166625022888184,0.00881807692348957,0.28725358843803406,0.0,0.0,0.0,0.0,1.8791287459407613e-07,0.0,0.0012897849082946777,0.001939395791850984
303,10.199999809265137,0.008449952118098736,0.2877987027168274,0.0,0.0,0.0,0.0,1.7538533825245395e-07,0.0,0.0012038035783916712,0.0019353997195139527
304,10.233312606811523,0.008107136003673077,0.2883063554763794,0.0,0.0,0.0,0.0,1.636929880532989e-07,0.0,0.0011235529091209173,0.0019309513736516237
305,10.26662540435791,0.007787709124386311,0.2887793183326721,0.0,0.0,0.0,0.0,1.5278013165698212e-07,0.0,0.0010486514074727893,0.0019262967398390174
306,10.300000190734863,0.007489953190088272,0.2892202138900757,0.0,0.0,0.0,0.0,1.425947857569554e-07,0.0,0.000978742609731853,0.001921600429341197
307,10.333312034606934,0.007212310563772917,0.28963130712509155,0.0,0.0,0.0,0.0,1.3308846291693044e-07,0.0,0.0009134941501542926,0.0019169707084074616
308,10.36662483215332,0.00725792720913887,0.2841990888118744,0.0,0.0,0.0,0.0,1.2421590156463935e-07,0.0,0.000912213756237179,0.0018756064819172025
309,10.399999618530273,0.00751382764428854,0.27505791187286377,0.0,0.0,0.0,0.0,1.1593484572358648e-07,0.0,0.000952751433942467,0.001811069785617292
310,10.43331241607666,0.007901995442807674,0.26367634534835815,0.0,0.0,0.0,0.0,1.0820586027193713e-07,0.0,0.001019799616187811,0.001732684439048171
311,10.466625213623047,0.008368813432753086,0.2510586977005005,0.0,0.0,0.0,0.0,1.0099213909597893e-07,0.0,0.001102826907299459,0.0016468189423903823
312,10.499937057495117,0.008877681568264961,0.23788581788539886,0.0,0.0,0.0,0.0,9.425933455986524e-08,0.0,0.0011946333106607199,0.0015577838057652116
313,10.533312797546387,0.009403844363987446,0.22461366653442383,0.0,0.0,0.0,0.0,8.79753798699312e-08,0.0,0.0012903393944725394,0.0014684585621580482
314,10.566624641418457,0.009930782951414585,0.21154209971427917,0.0,0.0,0.0,0.0,8.211035407157397e-08,0.0,0.0013866790104657412,0.0013807299546897411
315,10.600000381469727,0.010447690263390541,0.19886301457881927,0.0,0.0,0.0,0.0,7.663633283527815e-08,0.0,0.0014815059257671237,0.0012957995058968663
316,10.633312225341797,0.010947706177830696,0.18669390678405762,0.0,0.0,0.0,0.0,7.152724634806873e-08,0.0,0.0015734478365629911,0.0012143956264480948
317,10.666625022888184,0.011426683515310287,0.1751013994216919,0.0,0.0,0.0,0.0,6.675876562667327e-08,0.0,0.001661666319705546,0.00113692379090935
318,10.699999809265137,0.011882338672876358,0.16411744058132172,0.0,0.0,0.0,0.0,6.230818172525687e-08,0.0,0.0017456874484196305,0.0010635704966261983
319,10.733312606811523,0.01783280074596405,0.15377233922481537,0.0,0.0,0.0,0.0,5.81543027067255e-08,0.0,0.0018165380461141467,0.0009943748591467738
320,10.76662540435791,0.027254195883870125,0.14405150711536407,0.0,0.0,0.0,0.0,5.4277347061315595e-08,0.0,0.001877366565167904,0.0009292795439250767
321,10.800000190734863,0.03875483572483063,0.1349329799413681,0.0,0.0,0.0,0.0,5.065885844146578e-08,0.0,0.0019304309971630573,0.0008681649924255908
322,10.833312034606934,0.051383912563323975,0.12639030814170837,0.0,0.0,0.0,0.0,4.728159908040652e-08,0.0,0.001977361738681793,0.0008108735783025622
323,10.86662483215332,0.06449764221906662,0.11839473247528076,0.0,0.0,0.0,0.0,4.4129492948741245e-08,0.0,0.0020193462260067463,0.0007572257309220731
324,10.899937629699707,0.07766574621200562,0.11091648787260056,0.0,0.0,0.0,0.0,4.118752627846334e-08,0.0,0.0020572596695274115,0.0007070312276482582
325,10.93331241607666,0.09060600399971008,0.10392581671476364,0.0,0.0,0.0,0.0,3.844169071953729e-08,0.0,0.002091754926368594,0.0006600968772545457
326,10.966625213623047,0.10313861072063446,0.09739348292350769,0.0,0.0,0.0,0.0,3.587891228562512e-08,0.0,0.002123327227309346,0.0006162311765365303
327,11.0,0.1151542216539383,0.09129125624895096,0.0,0.0,0.0,0.0,3.3486983852526464e-08,0.0,0.0021523581817746162,0.0005752476281486452
328,11.033312797546387,0.1265917420387268,0.08559207618236542,0.0,0.0,0.0,0.0,3.125451897290077e-08,0.0,0.002179148606956005,0.0005369667778722942
329,11.066624641418457,0.1374228447675705,0.0802701935172081,0.0,0.0,0.0,0.0,2.9170882598350545e-08,0.0,0.002203939016908407,0.0005012172623537481
330,11.100000381469727,0.14765189588069916,0.07525960355997086,0.0,0.0,0.0,0.0,2.722615910499826e-08,0.0,0.002233191393315792,0.00046783656580373645
331,11.133312225341797,0.15728306770324707,0.07055259495973587,0.0,0.0,0.0,0.0,2.5411081239212763e-08,0.0,0.0022647741716355085,0.0004366711073089391
332,11.166625022888184,0.1663309633731842,0.06613805890083313,0.0,0.0,0.0,0.0,2.371701057768405e-08,0.0,0.0022972477599978447,0.0004075762699358165
333,11.199999809265137,0.1748168170452118,0.06200290098786354,0.0,0.0,0.0,0.0,2.2135877131290727e-08,0.0,0.0023296535946428776,0.0003804161096923053
334,11.233312606811523,0.18276579678058624,0.05813297629356384,0.0,0.0,0.0,0.0,2.0660152699747414e-08,0.0,0.002361367456614971,0.000355063151801005
335,11.26662540435791,0.19020502269268036,0.05451372638344765,0.0,0.0,0.0,0.0,1.9282810015397445e-08,0.0,0.002391994697973132,0.0003313979832455516
336,11.300000190734863,0.19716240465641022,0.05113064497709274,0.0,0.0,0.0,0.0,1.7997288992432914e-08,0.0,0.002421299461275339,0.00030930875800549984
337,11.333312034606934,0.2036658376455307,0.0479695163667202,0.0,0.0,0.0,0.0,1.6797470081542087e-08,0.0,0.00244915415532887,0.00028869096422567964
338,11.36662483215332,0.20974265038967133,0.04501662403345108,0.0,0.0,0.0,0.0,1.5677638742772615e-08,0.0,0.002475504297763109,0.0002694468421395868
339,11.399999618530273,0.21541918814182281,0.042258840054273605,0.0,0.0,0.0,0.0,1.4632462352892617e-08,0.0,0.002500344766303897,0.0002514850930310786
340,11.43331241607666,0.22072066366672516,0.03968367725610733,0.0,0.0,0.0,0.0,1.3656965336394933e-08,0.0,0.002523701637983322,0.0002347203844692558
341,11.466625213623047,0.22567805647850037,0.03727450966835022,0.0,0.0,0.0,0.0,1.2746500743787692e-08,0.0,0.0025469642132520676,0.00021907303016632795
342,11.499937057495117,0.23031148314476013,0.03502197936177254,0.0,0.0,0.0,0.0,1.1896735152561178e-08,0.0,0.0025696998927742243,0.00020446862617973238
343,11.533312797546387,0.23464058339595795,0.0329168364405632,0.0,0.0,0.0,0.0,1.1103618469121557e-08,0.0,0.002591636497527361,0.0001908377162180841
344,11.566624641418457,0.23868428170681,0.030950084328651428,0.0,0.0,0.0,0.0,1.0363377711541943e-08,0.0,0.0026126124430447817,0.00017811542784329504
345,11.600000381469727,0.24246065318584442,0.02911308966577053,0.0,0.0,0.0,0.0,9.672485923317709e-09,0.0,0.00263254065066576,0.0001662412250880152
346,11.633312225341797,0.24598683416843414,0.027397604659199715,0.0,0.0,0.0,0.0,9.027653291582283e-09,0.0,0.0026513864286243916,0.0001551585883134976
347,11.666625022888184,0.24927902221679688,0.025795817375183105,0.0,0.0,0.0,0.0,8.425810271717182e-09,0.0,0.002669147914275527,0.0001448147522751242
348,11.699999809265137,0.2523525059223175,0.0243003498762846,0.0,0.0,0.0,0.0,7.864089823783615e-09,0.0,0.0026858458295464516,0.0001351604878436774
349,11.733312606811523,0.2552216351032257,0.022904250770807266,0.0,0.0,0.0,0.0,7.339817198470655e-09,0.0,0.002701514633372426,0.00012614982551895082
350,11.76662540435791,0.25789985060691833,0.0216009970754385,0.0,0.0,0.0,0.0,6.850495726240524e-09,0.0,0.0027161980979144573,0.00011773986625485122
351,11.800000190734863,0.26039981842041016,0.020384464412927628,0.0,0.0,0.0,0.0,6.393796159187559e-09,0.0,0.002729943720623851,0.00010989056318067014
352,11.833312034606934,0.26273003220558167,0.0192473903298378,0.0,0.0,0.0,0.0,5.967542904272705e-09,0.0,0.0027455799281597137,0.00010256453970214352
353,11.86662483215332,0.2649027705192566,0.01818496733903885,0.0,0.0,0.0,0.0,5.5697069178961556e-09,0.0,0.002762138145044446,9.572691487846896e-05
354,11.899937629699707,0.26692914962768555,0.017192566767334938,0.0,0.0,0.0,0.0,5.198393271399482e-09,0.0,0.002778967609629035,8.934512879932299e-05
355,11.93331241607666,0.2688194215297699,0.016265762969851494,0.0,0.0,0.0,0.0,4.85183360154906e-09,0.0,0.0027956380508840084,8.338879706570879e-05
356,11.966625213623047,0.2705829441547394,0.015400348231196404,0.0,0.0,0.0,0.0,4.528378561019508e-09,0.0,0.002811871003359556,7.782954344293103e-05
357,12.0,0.2722283601760864,0.014592352323234081,0.0,0.0,0.0,0.0,4.226486716163436e-09,0.0,0.0028274934738874435,7.264091254910454e-05
358,12.033312797546387,0.2737637460231781,0.013838027603924274,0.0,0.0,0.0,0.0,3.944720550208558e-09,0.0,0.0028424046467989683,6.779818795621395e-05
359,12.066624641418457,0.27519649267196655,0.013133857399225235,0.0,0.0,0.0,0.0,3.681739357830338e-09,0.0,0.0028565526008605957,6.32783048786223e-05
360,12.100000381469727,0.2765335738658905,0.012476536445319653,0.0,0.0,0.0,0.0,3.436290141323184e-09,0.0,0.0028699194081127644,5.9059751947643235e-05
361,12.133312225341797,0.2777813673019409,0.01186296995729208,0.0,0.0,0.0,0.0,3.20720405788677e-09,0.0,0.0028825083281844854,5.512243660632521e-05
362,12.166625022888184,0.2789458930492401,0.011290260590612888,0.0,0.0,0.0,0.0,2.9933904244217047e-09,0.0,0.0028943372890353203,5.1447608711896464e-05
363,12.199999809265137,0.2800235450267792,0.010753464885056019,0.0,0.0,0.0,0.0,2.7938311664144067e-09,0.0,0.00290288170799613,4.801776958629489e-05
364,12.233312606811523,0.28102290630340576,0.010250866413116455,0.0,0.0,0.0,0.0,2.607575932955797e-09,0.0,0.002909109927713871,4.481658470467664e-05
365,12.26662540435791,0.28195109963417053,0.009780663065612316,0.0,0.0,0.0,0.0,2.4337376558491997e-09,0.0,0.0029136999510228634,4.182881093584001e-05
366,12.300000190734863,0.28281423449516296,0.009341029450297356,0.0,0.0,0.0,0.0,2.2714883307628497e-09,0.0,0.002917128149420023,3.904022742062807e-05
367,12.333312034606934,0.28361761569976807,0.008930159732699394,0.0,0.0,0.0,0.0,2.1200559086054227e-09,0.0,0.0029197284020483494,3.643754462245852e-05
368,12.36662483215332,0.2843658924102783,0.008546299301087856,0.0,0.0,0.0,0.0,1.9787187444109122e-09,0.0,0.0029217363335192204,3.4008375223493204e-05
369,12.399999618530273,0.2850631773471832,0.008187763392925262,0.0,0.0,0.0,0.0,1.846804154048698e-09,0.0,0.002923316555097699,3.174115045112558e-05
370,12.43331241607666,0.285713255405426,0.007852942682802677,0.0,0.0,0.0,0.0,1.723683751286842e-09,0.0,0.0029245857149362564,2.9625074603245594e-05
371,12.466625213623047,0.28631943464279175,0.007540313061326742,0.0,0.0,0.0,0.0,1.6087715604129471e-09,0.0,0.0029256269335746765,2.7650068659568205e-05
372,12.499937057495117,0.2868848443031311,0.00724843330681324,0.0,0.0,0.0,0.0,1.5015201304535708e-09,0.0,0.0029264974873512983,2.5806730263866484e-05
373,12.533312797546387,0.28741228580474854,0.006975948344916105,0.0,0.0,0.0,0.0,1.4014187588173854e-09,0.0,0.002927239751443267,2.4086280973278917e-05
374,12.566624641418457,0.2870109975337982,0.006699989549815655,0.0,0.0,0.0,0.0,1.3079908267599194e-09,0.0,0.003451464930549264,2.2480529878521338e-05
375,12.600000381469727,0.2860110104084015,0.006427281070500612,0.0,0.0,0.0,0.0,1.2207914679152054e-09,0.0,0.004307215102016926,2.0981828129151836e-05
376,12.633312225341797,0.2846398651599884,0.006162150297313929,0.0,0.0,0.0,0.0,1.1394054588720337e-09,0.0,0.005362446419894695,1.9583038010750897e-05
377,12.666625022888184,0.2830536365509033,0.005907272454351187,0.0,0.0,0.0,0.0,1.0634449987279027e-09,0.0,0.006526899989694357,1.8277502022101544e-05
